"","emote_name","emote_image"
"1","monkaS","https://cdn.betterttv.net/emote/56e9f494fff3cc5c35e5287e/3x"
"2","OMEGALUL","https://cdn.betterttv.net/emote/583089f4737a8e61abb0186b/3x"
"3","Clap","https://cdn.betterttv.net/emote/55b6f480e66682f576dd94f5/3x"
"4","POGGERS","https://cdn.betterttv.net/emote/58ae8407ff7b7276f8e594f2/3x"
"5","PepeHands","https://cdn.betterttv.net/emote/59f27b3f4ebd8047f54dee29/3x"
"6","EZ","https://cdn.betterttv.net/emote/5590b223b344e2c42a9e28e3/3x"
"7","pepeJAM","https://cdn.betterttv.net/emote/5b77ac3af7bddc567b1d5fb2/3x"
"8","Pepega","https://cdn.betterttv.net/emote/5aca62163e290877a25481ad/3x"
"9","PepePls","https://cdn.betterttv.net/emote/55898e122612142e6aaa935b/3x"
"10","pepeD","https://cdn.betterttv.net/emote/5b1740221c5a6065a7bad4b5/3x"
"11","catJAM","https://cdn.betterttv.net/emote/5f1b0186cf6d2144653d2970/3x"
"12","gachiBASS","https://cdn.betterttv.net/emote/57719a9a6bdecd592c3ad59b/3x"
"13","KEKW","https://cdn.betterttv.net/emote/5e9c6c187e090362f8b0b9e8/3x"
"14","PogU","https://cdn.betterttv.net/emote/5e4e7a1f08b4447d56a92967/3x"
"15","5Head","https://cdn.betterttv.net/emote/5d6096974932b21d9c332904/3x"
"16","AYAYA","https://cdn.betterttv.net/emote/58493695987aab42df852e0f/3x"
"17","gachiHYPER","https://cdn.betterttv.net/emote/59143b496996b360ff9b807c/3x"
"18","monkaW","https://cdn.betterttv.net/emote/59ca6551b27c823d5b1fd872/3x"
"19","weirdChamp","https://cdn.betterttv.net/emote/5d20a55de1cfde376e532972/3x"
"20","blobDance","https://cdn.betterttv.net/emote/5ada077451d4120ea3918426/3x"
"21","PepeLaugh","https://cdn.betterttv.net/emote/5c548025009a2e73916b3a37/3x"
"22","pepeLaugh","https://cdn.betterttv.net/emote/59b73909b27c823d5b1f6052/3x"
"23","ricardoFlick","https://cdn.betterttv.net/emote/5bc2143ea5351f40921080ee/3x"
"24","PepoDance","https://cdn.betterttv.net/emote/5a6edb51f730010d194bdd46/3x"
"25","HYPERS","https://cdn.betterttv.net/emote/5980af4e3a1ac5330e89dc76/3x"
"26","PepegaAim","https://cdn.betterttv.net/emote/5d0d7140ca4f4b50240ff6b4/3x"
"27","peepoClap","https://cdn.betterttv.net/emote/5d38aaa592fc550c2d5996b8/3x"
"28","sumSmash","https://cdn.betterttv.net/emote/5af84b9e766af63db43bf6b9/3x"
"29","(ditto)","https://cdn.betterttv.net/emote/554da1a289d53f2d12781907/3x"
"30","TriDance","https://cdn.betterttv.net/emote/5d1e70f498539c4801cc3811/3x"
"31","RainbowPls","https://cdn.betterttv.net/emote/5b35cae2f3a33e2b6f0058ef/3x"
"32","Dance","https://cdn.betterttv.net/emote/5aa1d0e311237146531078b0/3x"
"33","gachiGASM","https://cdn.betterttv.net/emote/55999813f0db38ef6c7c663e/3x"
"34","monkaHmm","https://cdn.betterttv.net/emote/5aa16eb65d4a424654d7e3e5/3x"
"35","LULW","https://cdn.betterttv.net/emote/5dc79d1b27360247dd6516ec/3x"
"36","peepoHappy","https://cdn.betterttv.net/emote/5a16ee718c22a247ead62d4a/3x"
"37","peepoLeave","https://cdn.betterttv.net/emote/5d324913ff6ed36801311fd2/3x"
"38","pepeDS","https://cdn.betterttv.net/emote/5b444de56b9160327d12534a/3x"
"39","peepoArrive","https://cdn.betterttv.net/emote/5d922afbc0652668c9e52ead/3x"
"40","Sadge","https://cdn.betterttv.net/emote/5e0fa9d40550d42106b8a489/3x"
"41","monkaTOS","https://cdn.betterttv.net/emote/5a7fd054b694db72eac253f4/3x"
"42","RareParrot","https://cdn.betterttv.net/emote/55a24e1294dd94001ee86b39/3x"
"43","weSmart","https://cdn.betterttv.net/emote/589771dc10c0975495c578d1/3x"
"44","ppOverheat","https://cdn.betterttv.net/emote/5b3e953a2c8a38720760c7f7/3x"
"45","pepeJAMJAM","https://cdn.betterttv.net/emote/5c36fba2c6888455faa2e29f/3x"
"46","TriKool","https://cdn.betterttv.net/emote/59a6d3dedccaf930aa8f3de1/3x"
"47","HYPERCLAP","https://cdn.betterttv.net/emote/5b35ca08392c604c5fd81874/3x"
"48","PartyParrot","https://cdn.betterttv.net/emote/59f06613ba7cdd47e9a4cad2/3x"
"49","monkaX","https://cdn.betterttv.net/emote/58e5abdaf3ef4c75c9c6f0f9/3x"
"50","monkaX","https://cdn.betterttv.net/emote/58e5abdaf3ef4c75c9c6f0f9/3x"
"51","pressF","https://cdn.betterttv.net/emote/5c857788f779543bcdf37124/3x"
"52","monkaSHAKE","https://cdn.betterttv.net/emote/58d867c84c25f4458349ecc7/3x"
"53","peepoPooPoo","https://cdn.betterttv.net/emote/5c3427a55752683d16e409d1/3x"
"54","POGSLIDE","https://cdn.betterttv.net/emote/5aea37908f767c42ce1e0293/3x"
"55","WaitWhat","https://cdn.betterttv.net/emote/55cbeb8f8b9c49ef325bf738/3x"
"56","FeelsRainMan","https://cdn.betterttv.net/emote/57850b9df1bf2c1003a88644/3x"
"57","peepoRun","https://cdn.betterttv.net/emote/5bc7ff14664a3b079648dd66/3x"
"58","PauseChamp","https://cdn.betterttv.net/emote/5cd6b08cf1dac14a18c4b61f/3x"
"59","COGGERS","https://cdn.betterttv.net/emote/5ab6f0ece1d6391b63498774/3x"
"60","bongoTap","https://cdn.betterttv.net/emote/5ba6d5ba6ee0c23989d52b10/3x"
"61","KEKW","https://cdn.betterttv.net/emote/5ea831f074046462f768097a/3x"
"62","pepeMeltdown","https://cdn.betterttv.net/emote/5ba84271c9f0f66a9efc1c86/3x"
"63","KKool","https://cdn.betterttv.net/emote/56c2cff2d9ec6bf744247bf1/3x"
"64","monkaGun","https://cdn.betterttv.net/emote/58f6e05e58f5dd226a16166e/3x"
"65","ppHop","https://cdn.betterttv.net/emote/5a9578d6dcf3205f57ba294f/3x"
"66","peepoSad","https://cdn.betterttv.net/emote/5a16ddca8c22a247ead62ceb/3x"
"67","WeirdChamp","https://cdn.betterttv.net/emote/5d9198fbd2458468c1f4adb7/3x"
"68","SALAMI","https://cdn.betterttv.net/emote/5de45e0d515a2a77bc9e723d/3x"
"69","PepoCheer","https://cdn.betterttv.net/emote/5abd36396723dc149c678e90/3x"
"70","PETTHEPEEPO","https://cdn.betterttv.net/emote/5ec059009af1ea16863b2dec/3x"
"71","ppJedi","https://cdn.betterttv.net/emote/5b52e96eb4276d0be256f809/3x"
"72","WeSmart","https://cdn.betterttv.net/emote/5a311dd16405a95e4b0d4967/3x"
"73","TeaTime","https://cdn.betterttv.net/emote/56f6eb647ee3e8fc6e4fe48e/3x"
"74","nymnCorn","https://cdn.betterttv.net/emote/56cb56f5500cb4cf51e25b90/3x"
"75","WAYTOODANK","https://cdn.betterttv.net/emote/5ad22a7096065b6c6bddf7f3/3x"
"76","HACKERMANS","https://cdn.betterttv.net/emote/5b490e73cf46791f8491f6f4/3x"
"77","ddHuh","https://cdn.betterttv.net/emote/58b20d74d07b273e0dcfd57c/3x"
"78","pugPls","https://cdn.betterttv.net/emote/5de88ccef6e95977b50e6eb1/3x"
"79","pikaOMG","https://cdn.betterttv.net/emote/5bec16e1c3cac7088d09bdd7/3x"
"80","lickR","https://cdn.betterttv.net/emote/5afdd149b5f610729e2f6e75/3x"
"81","peepoSimp","https://cdn.betterttv.net/emote/5e3a2c6cd736527d5cd26836/3x"
"82","Thonk","https://cdn.betterttv.net/emote/585231dd58af204561cd6036/3x"
"83","forsenPls","https://cdn.betterttv.net/emote/55e2096ea6fa8b261f81b12a/3x"
"84","peepoHey","https://cdn.betterttv.net/emote/5c0e1a3c6c146e7be4ff5c0c/3x"
"85","MYAAA","https://cdn.betterttv.net/emote/5de20a2c2dea2902de074598/3x"
"86","lickL","https://cdn.betterttv.net/emote/5afdd15ab5f610729e2f6e7a/3x"
"87","HAhaa","https://cdn.betterttv.net/emote/55f47f507f08be9f0a63ce37/3x"
"88","headBang","https://cdn.betterttv.net/emote/57320689d69badf9131b82c4/3x"
"89","KEKWlaugh","https://cdn.betterttv.net/emote/5d793f2e14011815db9377d2/3x"
"90","CuteDog","https://cdn.betterttv.net/emote/56d6fbb4d5d429963e27410c/3x"
"91","modCheck","https://cdn.betterttv.net/emote/5d7eefb7c0652668c9e4d394/3x"
"92","AlienPls","https://cdn.betterttv.net/emote/5805580c3d506fea7ee357d6/3x"
"93","peepoLove","https://cdn.betterttv.net/emote/5a5e0e8d80f53146a54a516b/3x"
"94","kumaPls","https://cdn.betterttv.net/emote/5af454b657376e68acb7512a/3x"
"95","LULWW","https://cdn.betterttv.net/emote/587d26d976a3c4756d667153/3x"
"96","pepeJAMMER","https://cdn.betterttv.net/emote/5baa5b59f17b9f6ab0f3e84f/3x"
"97","CrabPls","https://cdn.betterttv.net/emote/5c2a4ddda402f16774559abe/3x"
"98","coronaS","https://cdn.betterttv.net/emote/5e3441d861ff6b51e65259fe/3x"
"99","PEPEDS","https://cdn.betterttv.net/emote/5be9f494a550811484ed2dd4/3x"
"100","PepegaPls","https://cdn.betterttv.net/emote/5c04b07db4297124fa9d165e/3x"
"101","widepeepoHappy","https://cdn.betterttv.net/emote/5e1a76dd8af14b5f1b438c04/3x"
"102","PartyKirby","https://cdn.betterttv.net/emote/5c3a9d8bbaa7ba09c9cfca37/3x"
"103","pepeSmoke","https://cdn.betterttv.net/emote/5b15162147c7bf3bfc0b9c76/3x"
"104","BLELELE","https://cdn.betterttv.net/emote/583eb50550222f7f1086e012/3x"
"105","FeelsWeirdMan","https://cdn.betterttv.net/emote/5603731ce5fc5eff1de93229/3x"
"106","hoSway","https://cdn.betterttv.net/emote/56396c857e538de14bd747a5/3x"
"107","peepoSmash","https://cdn.betterttv.net/emote/5c72084d41600b0832ab0931/3x"
"108","3Head","https://cdn.betterttv.net/emote/5d24f20653fb473775490d6f/3x"
"109","ZULUL","https://cdn.betterttv.net/emote/57b38e53d5472c5343820619/3x"
"110","tenseSmash","https://cdn.betterttv.net/emote/5d20ef02e1cfde376e532cc0/3x"
"111","KKomrade","https://cdn.betterttv.net/emote/56be9fd6d9ec6bf74424760d/3x"
"112","momoLewd","https://cdn.betterttv.net/emote/5b639695abaa836f3519b066/3x"
"113","GuitarTime","https://cdn.betterttv.net/emote/576befd71f520d6039622f7e/3x"
"114","peepoShy","https://cdn.betterttv.net/emote/5eaa12a074046462f768344b/3x"
"115","PeepoClap","https://cdn.betterttv.net/emote/5de48e64515a2a77bc9e7339/3x"
"116","PepoSabers","https://cdn.betterttv.net/emote/5afa002a1260c3359cb41ef6/3x"
"117","coffinPLZ","https://cdn.betterttv.net/emote/5e9e978c74046462f7674f9f/3x"
"118","RIP","https://cdn.betterttv.net/emote/54fcdfdc01abde735115deae/3x"
"119","BBoomer","https://cdn.betterttv.net/emote/5c447084f13c030e98f74f58/3x"
"120","200IQ","https://cdn.betterttv.net/emote/5acdc7cb31ca5d147369ead8/3x"
"121","PogUU","https://cdn.betterttv.net/emote/5cf6a8322316b42d72be7c36/3x"
"122","catJAM","https://cdn.betterttv.net/emote/5f1abd75fe85fb4472d132b4/3x"
"123","GachiPls","https://cdn.betterttv.net/emote/58868aa5afc2ff756c3f495e/3x"
"124","peepoGiggles","https://cdn.betterttv.net/emote/5e0bcf69031ec77bab473476/3x"
"125","PepeWhy","https://cdn.betterttv.net/emote/5a9def77b7319a74f5bbdeda/3x"
"126","RareChar","https://cdn.betterttv.net/emote/562b9101a6646e202bcc5447/3x"
"127","FeelsOkayMan","https://cdn.betterttv.net/emote/5803757f3d506fea7ee35267/3x"
"128","pepeClap","https://cdn.betterttv.net/emote/59688b35172b8b255ec3f6ac/3x"
"129","pepeBASS","https://cdn.betterttv.net/emote/5c393177fb40bc09d7c6c3aa/3x"
"130","sadKEK","https://cdn.betterttv.net/emote/5d72ae0aa32edb714a9df060/3x"
"131","confusedCat","https://cdn.betterttv.net/emote/5d5d9fe322f52e1d9b41ac91/3x"
"132","dekuHYPE","https://cdn.betterttv.net/emote/594c13b436b6a43b492ce4bd/3x"
"133","monkaSTEER","https://cdn.betterttv.net/emote/5ed0fd17f54be95e2a835054/3x"
"134","monkaShoot","https://cdn.betterttv.net/emote/59c232aeb27c823d5b1fa579/3x"
"135","WowPls","https://cdn.betterttv.net/emote/55c845ecde06d3181ad07b19/3x"
"136","PepeHands","https://cdn.betterttv.net/emote/5c20e3432b99ae62dd04331b/3x"
"137","DogePls","https://cdn.betterttv.net/emote/55c7eb723d8fd22f20ac9cc1/3x"
"138","DANCE","https://cdn.betterttv.net/emote/5befebbbe4ac1871e89f2485/3x"
"139","peepoLeave","https://cdn.betterttv.net/emote/5d9be805d2458468c1f4dbb3/3x"
"140","PepegaGun","https://cdn.betterttv.net/emote/5db4816f8b059b723dc1a58d/3x"
"141","BabyYodaSip","https://cdn.betterttv.net/emote/5de76fe0f6e95977b50e6875/3x"
"142","REKT","https://cdn.betterttv.net/emote/55f759d6b56252197d9af958/3x"
"143","mericCat","https://cdn.betterttv.net/emote/59a32119b71a9e11bd5f4251/3x"
"144","billyReady","https://cdn.betterttv.net/emote/58763fcecb2b7248f8b9b0cf/3x"
"145","gachiW","https://cdn.betterttv.net/emote/5ce66e8c1281d44f03de8051/3x"
"146","NOPERS","https://cdn.betterttv.net/emote/5ec39a9db289582eef76f733/3x"
"147","DonoWall","https://cdn.betterttv.net/emote/5efcd82551e3910deed68751/3x"
"148","HyperNeko","https://cdn.betterttv.net/emote/5afdfe6702e8e2270c373de3/3x"
"149","MLADY","https://cdn.betterttv.net/emote/5b34ef0dbe275b629fc726a2/3x"
"150","pepeSadJam","https://cdn.betterttv.net/emote/5baf7cfb9809cc1f5117d301/3x"
"151","POGGIES","https://cdn.betterttv.net/emote/5b457bbd0485f43277cecac0/3x"
"152","BoneZone","https://cdn.betterttv.net/emote/5b6c5efadd8fb0185163bd4f/3x"
"153","ThisIsFine","https://cdn.betterttv.net/emote/5e2914861df9195f1a4cd411/3x"
"154","FeelsLitMan","https://cdn.betterttv.net/emote/588111b6afc2ff756c3f345d/3x"
"155","PepeS","https://cdn.betterttv.net/emote/59420c88023a013b50774872/3x"
"156","KEKWait","https://cdn.betterttv.net/emote/5e486af4d736527d5cd2fed6/3x"
"157","peepoComfy","https://cdn.betterttv.net/emote/5dbc173f27360247dd64e4ae/3x"
"158","FeelsRageMan","https://cdn.betterttv.net/emote/5597e66ed8152e272470f830/3x"
"159","TriSad","https://cdn.betterttv.net/emote/5e5a6d31ddc7a054d7f0e33a/3x"
"160","monkaGIGA","https://cdn.betterttv.net/emote/58c36ac73c3bbd3e016b6e60/3x"
"161","Jammies","https://cdn.betterttv.net/emote/5d2dc7dcff6ed3680130eb6d/3x"
"162","FeelsRareMan","https://cdn.betterttv.net/emote/5678a310bf317838643c8188/3x"
"163","OMEGAROLL","https://cdn.betterttv.net/emote/5b58941cc0c5fe407247b5e5/3x"
"164","NODDERS","https://cdn.betterttv.net/emote/5eadf40074046462f7687d0f/3x"
"165","monkaW","https://cdn.betterttv.net/emote/5981e885eaab4f3320e73b18/3x"
"166","iron95Pls","https://cdn.betterttv.net/emote/5b220a44d4fa7c69415f38e7/3x"
"167","pepeDD","https://cdn.betterttv.net/emote/5b397bc105e329206af6f24f/3x"
"168","forsenCD","https://cdn.betterttv.net/emote/5d3e250a6d68672adc3fbff7/3x"
"169","monkaBan","https://cdn.betterttv.net/emote/5be43ddea550811484ecf547/3x"
"170","somDied","https://cdn.betterttv.net/emote/55a63293b13ce179110b0193/3x"
"171","PogTasty","https://cdn.betterttv.net/emote/5dc37f3850952f47dbdf170c/3x"
"172","peepoLeave","https://cdn.betterttv.net/emote/5e14ca013267f72103fd8462/3x"
"173","FeelsLagMan","https://cdn.betterttv.net/emote/56758c29bf317838643c7e97/3x"
"174","KirbDance","https://cdn.betterttv.net/emote/5b9011eea2c5266ff2b8fde5/3x"
"175","miyanoHype","https://cdn.betterttv.net/emote/588763bbafc2ff756c3f4c26/3x"
"176","dancepls","https://cdn.betterttv.net/emote/55f5e7cd7f08be9f0a63d008/3x"
"177","monkaSoap","https://cdn.betterttv.net/emote/5e7009f8d6581c3724c093c0/3x"
"178","WanWan","https://cdn.betterttv.net/emote/566462e07fc3c70d30096e2d/3x"
"179","bigPls","https://cdn.betterttv.net/emote/5ad4d78896309a1bbe59d6fa/3x"
"180","FEelsBadMan","https://cdn.betterttv.net/emote/5a6dee3b2620951f291ec6d0/3x"
"181","PeepoNoob","https://cdn.betterttv.net/emote/5e8b86328fb1ca5cde5866b5/3x"
"182","peepoRiot","https://cdn.betterttv.net/emote/5e1fc363bca2995f13fb89d7/3x"
"183","nyanPls","https://cdn.betterttv.net/emote/5608cf93fdaf5f3275fe39cd/3x"
"184","PepoG","https://cdn.betterttv.net/emote/5d63e543375afb1da9a68a5a/3x"
"185","sadCat","https://cdn.betterttv.net/emote/5b96e7f1bbf4663f648795b1/3x"
"186","peepoSprint","https://cdn.betterttv.net/emote/5c20a897fef84f19d3274cb0/3x"
"187","pepeL","https://cdn.betterttv.net/emote/5b53f5f2e78929110b2ac92c/3x"
"188","pikaO","https://cdn.betterttv.net/emote/5be4b0c9e9207c147ebcb517/3x"
"189","PogUU","https://cdn.betterttv.net/emote/5db280906fc9dd12cbaf1d81/3x"
"190","hypeE","https://cdn.betterttv.net/emote/5b6ded5560d17f4657e1319e/3x"
"191","OOOO","https://cdn.betterttv.net/emote/5e5300e6751afe7d553e4351/3x"
"192","bigWOW","https://cdn.betterttv.net/emote/5a76a1f170858a32e83d3fc4/3x"
"193","coffinPls","https://cdn.betterttv.net/emote/5ea1e580d023b362f638f54f/3x"
"194","SaltyShower","https://cdn.betterttv.net/emote/56ec8a535c391d4c7239fe22/3x"
"195","TGSway","https://cdn.betterttv.net/emote/5ae0db3e0e617f612886cbe1/3x"
"196","ImTriggered","https://cdn.betterttv.net/emote/55b11f64ac9c447a4e565d14/3x"
"197","CrabPls","https://cdn.betterttv.net/emote/5cc0f81c9bf845390d1c037e/3x"
"198","DisGonBGud","https://cdn.betterttv.net/emote/55af136fa7f4576c661c53e9/3x"
"199","PepoThink","https://cdn.betterttv.net/emote/5a4ad2574884645e5706e51a/3x"
"200","PepoPopcorn","https://cdn.betterttv.net/emote/5b157890aca8015213e555d1/3x"
"201","loliTriggered","https://cdn.betterttv.net/emote/590696d6aedb6101b0caaff6/3x"
"202","FeelsSupportMan","https://cdn.betterttv.net/emote/5b7a0494ed39d816f122ebc5/3x"
"203","WeirdChamping","https://cdn.betterttv.net/emote/5e9e0eb47e090362f8b0d9a4/3x"
"204","Kissahomie","https://cdn.betterttv.net/emote/5ecee2f6924aa35e32a619b7/3x"
"205","Monkas","https://cdn.betterttv.net/emote/5952d512023a013b5077a9ab/3x"
"206","MEGALUL","https://cdn.betterttv.net/emote/579f9ac281108bf71a550e97/3x"
"207","xar2EDM","https://cdn.betterttv.net/emote/5b7e01fbe429f82909e0013a/3x"
"208","chikaYo","https://cdn.betterttv.net/emote/5c69f5caadab351034b3fcc1/3x"
"209","YEPP","https://cdn.betterttv.net/emote/5e978e20d023b362f638339d/3x"
"210","Peepoleave","https://cdn.betterttv.net/emote/5e123f56b974112104801d8b/3x"
"211","monkaCHRIST","https://cdn.betterttv.net/emote/5a21576595c4af067c869ba9/3x"
"212","pepePls","https://cdn.betterttv.net/emote/5964f26d2e496b208df497a5/3x"
"213","SchubertWalk","https://cdn.betterttv.net/emote/5c707362b80b802336fbb84a/3x"
"214","ROACH","https://cdn.betterttv.net/emote/5d61b1b14932b21d9c332f1b/3x"
"215","FeelsOhWait","https://cdn.betterttv.net/emote/55ab96ce9406e5482db53424/3x"
"216","PepegaDriving","https://cdn.betterttv.net/emote/5e6fa08bd112fc3725746dd4/3x"
"217","KoolDoge","https://cdn.betterttv.net/emote/58b443ca47585e3e07f8b59c/3x"
"218","catDance","https://cdn.betterttv.net/emote/5bc116eddd373363d2c76479/3x"
"219","iLOVEyou","https://cdn.betterttv.net/emote/5ca7591926dfd77429327bb6/3x"
"220","SALAMI","https://cdn.betterttv.net/emote/5e1dc85f8af14b5f1b43b639/3x"
"221","whatBlink","https://cdn.betterttv.net/emote/591ad4992f456546af54fdcd/3x"
"222","PogO","https://cdn.betterttv.net/emote/5e9cdca974046462f7673006/3x"
"223","FeelsTastyMan","https://cdn.betterttv.net/emote/59474044e949fe3b435e3135/3x"
"224","VVKool","https://cdn.betterttv.net/emote/58779882c1869d570857515e/3x"
"225","AYAYA","https://cdn.betterttv.net/emote/5cafb22c1a07c923f3f1db0e/3x"
"226","PeepoWeen","https://cdn.betterttv.net/emote/5f747148ce8bc74a942400dc/3x"
"227","Woah","https://cdn.betterttv.net/emote/55006e5e8b95c6fb61482673/3x"
"228","CouldYouNot","https://cdn.betterttv.net/emote/572accb540dbc1cb345d782b/3x"
"229","xqcSlam","https://cdn.betterttv.net/emote/5cb9176c750fbb4a2533fc42/3x"
"230","Pogey","https://cdn.betterttv.net/emote/5d4b08dc64ae370ac807caa4/3x"
"231","peepoJAM","https://cdn.betterttv.net/emote/5bc3d95236e2661664652806/3x"
"232","TriFi","https://cdn.betterttv.net/emote/5df0742ee7df1277b6070125/3x"
"233","ayayaJAM","https://cdn.betterttv.net/emote/5c36c6981a0b6956017d6b01/3x"
"234","PETTHEMODS","https://cdn.betterttv.net/emote/5f24435d713a6144748a91c7/3x"
"235","peepoShortOnAGoose","https://cdn.betterttv.net/emote/5efd70646a65270522157cae/3x"
"236","CatKool","https://cdn.betterttv.net/emote/589e5f0506e70d0465b27849/3x"
"237","POGPLANT","https://cdn.betterttv.net/emote/5b7ca091decbe272b64d3d7d/3x"
"238","peepoHug","https://cdn.betterttv.net/emote/5a1702fb8c22a247ead62d95/3x"
"239","BongoCat","https://cdn.betterttv.net/emote/5b832af6e44b1e2906469c08/3x"
"240","HYPERCLAP","https://cdn.betterttv.net/emote/5bdee30a0aabfd2d72738adf/3x"
"241","HYPERLUL","https://cdn.betterttv.net/emote/584b46fb32456b42e62b696b/3x"
"242","HAMDANCE","https://cdn.betterttv.net/emote/5b3aa96a05e329206af700c8/3x"
"243","peepoRain","https://cdn.betterttv.net/emote/5c6b37bdadab351034b40dc5/3x"
"244","PianoTime","https://cdn.betterttv.net/emote/5b4d2e45b7b52c3958c8f5cf/3x"
"245","OMEGALAUGHING","https://cdn.betterttv.net/emote/5b3fd6770f8f6c2547825a6f/3x"
"246","FeelsStrongMan","https://cdn.betterttv.net/emote/58facc4aaffae60eac088397/3x"
"247","Clap2","https://cdn.betterttv.net/emote/58484835f52be01a7ee5f11b/3x"
"248","HYPERBASS","https://cdn.betterttv.net/emote/5b4d0bb1a13f8e3953e2819b/3x"
"249","FeelsThinkingMan","https://cdn.betterttv.net/emote/589cac4789782d0a4887f79c/3x"
"250","ClapHD","https://cdn.betterttv.net/emote/5bba7b0f9318d3172d079f0a/3x"
"251","peepoChat","https://cdn.betterttv.net/emote/5e1bd08688e62a5f14dc6316/3x"
"252","dittoPride","https://cdn.betterttv.net/emote/55e5658fb8729d3a39595832/3x"
"253","dogeDance","https://cdn.betterttv.net/emote/592ed12be9f5aa0463767b7f/3x"
"254","PeepoClap","https://cdn.betterttv.net/emote/5e20bbaa1df9195f1a4c7012/3x"
"255","PikaFacepalm","https://cdn.betterttv.net/emote/57ddccb558b6f3690c898464/3x"
"256","monkaEXTREME","https://cdn.betterttv.net/emote/5b8a9c6f80c14b0422a7b2a0/3x"
"257","pepeFASTJAM","https://cdn.betterttv.net/emote/5d24b2b253fb4737754909d4/3x"
"258","caveBob","https://cdn.betterttv.net/emote/57597e25848bf08c5f860bd3/3x"
"259","REEEE","https://cdn.betterttv.net/emote/59936d9b19eb2036bf418137/3x"
"260","CarltonPls","https://cdn.betterttv.net/emote/55a0eddc1fe7cb4e415faff2/3x"
"261","Doits","https://cdn.betterttv.net/emote/55a4499426b81c7c1108f169/3x"
"262","pepeJAM","https://cdn.betterttv.net/emote/5df2d1b7e7df1277b6070b1e/3x"
"263","AYAYABASS","https://cdn.betterttv.net/emote/5bbecbb0605b7273d160f6f6/3x"
"264","peepoS","https://cdn.betterttv.net/emote/5a26924bfc6e584787d98544/3x"
"265","LULW","https://cdn.betterttv.net/emote/5e741594d112fc372574ac49/3x"
"266","Pepego","https://cdn.betterttv.net/emote/5c85dd4b2bc49a0419824494/3x"
"267","02Hype","https://cdn.betterttv.net/emote/5b5217dd379b93298eb05e13/3x"
"268","MYAAA","https://cdn.betterttv.net/emote/5de568f991129e77b47c916a/3x"
"269","Agakakskagesh","https://cdn.betterttv.net/emote/58a57fa706e70d0465b29cd3/3x"
"270","FeelsOKMan","https://cdn.betterttv.net/emote/5cdaa967a591865373324fa6/3x"
"271","gachiPRIDE","https://cdn.betterttv.net/emote/587fc95dafc2ff756c3f3012/3x"
"272","GandalfPls","https://cdn.betterttv.net/emote/55b9de142c4d51070e45864c/3x"
"273","WineTime","https://cdn.betterttv.net/emote/5c8b071bc9b377041a1b2506/3x"
"274","chikaPls","https://cdn.betterttv.net/emote/5c5af65502062a20389a218f/3x"
"275","BearHug","https://cdn.betterttv.net/emote/5bca86210218ea750b6fa4b5/3x"
"276","monkaRUN","https://cdn.betterttv.net/emote/5c1a15869045e913a13b5410/3x"
"277","peepoWtf","https://cdn.betterttv.net/emote/5a93403a85dd670847d2d2eb/3x"
"278","OkayChamp","https://cdn.betterttv.net/emote/5d2eb3dfabb461681ab7d4fb/3x"
"279","pepeDHaw","https://cdn.betterttv.net/emote/5be6332c176166148ab8e673/3x"
"280","peepoBlonket","https://cdn.betterttv.net/emote/5b8015ba3c482e0aaa9413be/3x"
"281","pepeJAMMY","https://cdn.betterttv.net/emote/5bf621d00377f4124f663158/3x"
"282","pepeHA","https://cdn.betterttv.net/emote/5b340d42e50b09705d1c7dbf/3x"
"283","OMEGASP","https://cdn.betterttv.net/emote/59c4321d8798a53d5af9b9a5/3x"
"284","KKonaW","https://cdn.betterttv.net/emote/598215f47e71d43314a80ad2/3x"
"285","dnyPls","https://cdn.betterttv.net/emote/5e51dba108b4447d56a94e24/3x"
"286","ppOverHeat","https://cdn.betterttv.net/emote/5e0e461e3267f72103fd2175/3x"
"287","Citto","https://cdn.betterttv.net/emote/55cb47a82718127806ad3202/3x"
"288","peepoLeaveFinger","https://cdn.betterttv.net/emote/5e031d608608fb0da4122461/3x"
"289","FeelsBatMan","https://cdn.betterttv.net/emote/55f091b9de50f37c0a831147/3x"
"290","HUGERS","https://cdn.betterttv.net/emote/586ddf177672de56f0ac80f5/3x"
"291","YAPPP","https://cdn.betterttv.net/emote/5e0abc799e2cd00d968d72b7/3x"
"292","peepoClown","https://cdn.betterttv.net/emote/5c50edcb5e0cb51b417faf37/3x"
"293","peepoGulag","https://cdn.betterttv.net/emote/5e774ccfd112fc372574d6a1/3x"
"294","VapeNation","https://cdn.betterttv.net/emote/56f5be00d48006ba34f530a4/3x"
"295","forsenWC","https://cdn.betterttv.net/emote/5d0076c7aae4851c803cbc51/3x"
"296","FeelsWowMan","https://cdn.betterttv.net/emote/56b65f05b947474c4a304dbe/3x"
"297","PogU","https://cdn.betterttv.net/emote/5ea3bdb7ce7cbf62fe15ca16/3x"
"298","BirbRave","https://cdn.betterttv.net/emote/5c32f7f9b2b08c560f6ae60a/3x"
"299","MONKERS","https://cdn.betterttv.net/emote/58c60c9f57baeb710f6574c3/3x"
