"","emote_name","emote_link"
"1","PagChomp","https://cdn.frankerfacez.com/emoticon/61496/1"
"2","3Head","https://cdn.frankerfacez.com/emoticon/274406/1"
"3","YEP","https://cdn.frankerfacez.com/emoticon/418189/1"
"4","Pog","https://cdn.frankerfacez.com/emoticon/210748/1"
"5","widepeepoSad","https://cdn.frankerfacez.com/emoticon/303899/1"
"6","Pepega","https://cdn.frankerfacez.com/emoticon/243789/1"
"7","POGGERS","https://cdn.frankerfacez.com/emoticon/214129/1"
"8","FeelsWeirdMan","https://cdn.frankerfacez.com/emoticon/131597/1"
"9","widepeepoHappy","https://cdn.frankerfacez.com/emoticon/270930/1"
"10","KEKW","https://cdn.frankerfacez.com/emoticon/381875/1"
"11","PepeHands","https://cdn.frankerfacez.com/emoticon/231552/1"
"12","OMEGALUL","https://cdn.frankerfacez.com/emoticon/128054/1"
"13","PepeLaugh","https://cdn.frankerfacez.com/emoticon/64785/1"
"14","HYPERBRUH","https://cdn.frankerfacez.com/emoticon/204717/1"
"15","PepoThink","https://cdn.frankerfacez.com/emoticon/174942/1"
"16","FeelsBadMan","https://cdn.frankerfacez.com/emoticon/33355/1"
"17","monkaW","https://cdn.frankerfacez.com/emoticon/214681/1"
"18","gachiGASM","https://cdn.frankerfacez.com/emoticon/103171/1"
"19","5Head","https://cdn.frankerfacez.com/emoticon/239504/1"
"20","HandsUp","https://cdn.frankerfacez.com/emoticon/229760/1"
"21","PogU","https://cdn.frankerfacez.com/emoticon/256055/1"
"22","AYAYA","https://cdn.frankerfacez.com/emoticon/162146/1"
"23","FeelsOkayMan","https://cdn.frankerfacez.com/emoticon/145947/1"
"24","WeirdChamp","https://cdn.frankerfacez.com/emoticon/262468/1"
"25","KKomrade","https://cdn.frankerfacez.com/emoticon/145916/1"
"26","HYPERS","https://cdn.frankerfacez.com/emoticon/236895/1"
"27","LULW","https://cdn.frankerfacez.com/emoticon/139407/1"
"28","Kapp","https://cdn.frankerfacez.com/emoticon/218860/1"
"29","EZY","https://cdn.frankerfacez.com/emoticon/185890/1"
"30","monkaS","https://cdn.frankerfacez.com/emoticon/130762/1"
"31","monkaHmm","https://cdn.frankerfacez.com/emoticon/240746/1"
"32","forsenCD","https://cdn.frankerfacez.com/emoticon/249060/1"
"33","PauseChamp","https://cdn.frankerfacez.com/emoticon/349048/1"
"34","monkaTOS","https://cdn.frankerfacez.com/emoticon/237857/1"
"35","monkaOMEGA","https://cdn.frankerfacez.com/emoticon/167431/1"
"36","FeelsGoodMan","https://cdn.frankerfacez.com/emoticon/109777/1"
"37","monkaGun","https://cdn.frankerfacez.com/emoticon/187256/1"
"38","4HEad","https://cdn.frankerfacez.com/emoticon/128247/1"
"39","Sadge","https://cdn.frankerfacez.com/emoticon/425196/1"
"40","OkayChamp","https://cdn.frankerfacez.com/emoticon/280358/1"
"41","monkaEyes","https://cdn.frankerfacez.com/emoticon/268204/1"
"42","KKonaW","https://cdn.frankerfacez.com/emoticon/229486/1"
"43","peepoHappy","https://cdn.frankerfacez.com/emoticon/228449/1"
"44","weSmart","https://cdn.frankerfacez.com/emoticon/165742/1"
"45","monkaMEGA","https://cdn.frankerfacez.com/emoticon/157576/1"
"46","monkaH","https://cdn.frankerfacez.com/emoticon/201362/1"
"47","REEeee","https://cdn.frankerfacez.com/emoticon/116831/1"
"48","PepeLaugh","https://cdn.frankerfacez.com/emoticon/263833/1"
"49","FeelsSpecialMan","https://cdn.frankerfacez.com/emoticon/191854/1"
"50","peepoBlanket","https://cdn.frankerfacez.com/emoticon/262458/1"
"51","FeelsStrongMan","https://cdn.frankerfacez.com/emoticon/64210/1"
"52","WideHard","https://cdn.frankerfacez.com/emoticon/246878/1"
"53","WideHardo","https://cdn.frankerfacez.com/emoticon/309114/1"
"54","Champ","https://cdn.frankerfacez.com/emoticon/216396/1"
"55","FeelsDankMan","https://cdn.frankerfacez.com/emoticon/167677/1"
"56","peepoSad","https://cdn.frankerfacez.com/emoticon/230082/1"
"57","peepoLove","https://cdn.frankerfacez.com/emoticon/250614/1"
"58","PepoG","https://cdn.frankerfacez.com/emoticon/218530/1"
"59","4House","https://cdn.frankerfacez.com/emoticon/230495/1"
"60","Klappa","https://cdn.frankerfacez.com/emoticon/38879/1"
"61","KEKWait","https://cdn.frankerfacez.com/emoticon/390750/1"
"62","HeavyBreathing","https://cdn.frankerfacez.com/emoticon/29990/1"
"63","PepegaPhone","https://cdn.frankerfacez.com/emoticon/312720/1"
"64","PogO","https://cdn.frankerfacez.com/emoticon/401202/1"
"65","widepeepoHappy","https://cdn.frankerfacez.com/emoticon/346289/1"
"66","PogYou","https://cdn.frankerfacez.com/emoticon/297232/1"
"67","YouDied","https://cdn.frankerfacez.com/emoticon/47399/1"
"68","HYPERDANSGAME","https://cdn.frankerfacez.com/emoticon/261915/1"
"69","peepoWTF","https://cdn.frankerfacez.com/emoticon/267880/1"
"70","pikachuS","https://cdn.frankerfacez.com/emoticon/298485/1"
"71","PressF","https://cdn.frankerfacez.com/emoticon/28798/1"
"72","DICKS","https://cdn.frankerfacez.com/emoticon/19972/1"
"73","peepoClown","https://cdn.frankerfacez.com/emoticon/318914/1"
"74","pepeJAM","https://cdn.frankerfacez.com/emoticon/341427/1"
"75","Pogey","https://cdn.frankerfacez.com/emoticon/262805/1"
"76","4Weird","https://cdn.frankerfacez.com/emoticon/308193/1"
"77","Thonk","https://cdn.frankerfacez.com/emoticon/191246/1"
"78","peepoFat","https://cdn.frankerfacez.com/emoticon/288800/1"
"79","SmileW","https://cdn.frankerfacez.com/emoticon/179088/1"
"80","MaN","https://cdn.frankerfacez.com/emoticon/266564/1"
"81","gachiHYPER","https://cdn.frankerfacez.com/emoticon/196406/1"
"82","SillyChamp","https://cdn.frankerfacez.com/emoticon/368150/1"
"83","WaitWhat","https://cdn.frankerfacez.com/emoticon/47416/1"
"84","ThisIsFine","https://cdn.frankerfacez.com/emoticon/67872/1"
"85","widepeepoBlanket","https://cdn.frankerfacez.com/emoticon/337645/1"
"86","GG!","https://cdn.frankerfacez.com/emoticon/28071/1"
"87","TRIGGERED","https://cdn.frankerfacez.com/emoticon/120593/1"
"88","monkaHmm","https://cdn.frankerfacez.com/emoticon/273441/1"
"89","POGGERS","https://cdn.frankerfacez.com/emoticon/259306/1"
"90","2Head","https://cdn.frankerfacez.com/emoticon/294078/1"
"91","JUSTDOIT","https://cdn.frankerfacez.com/emoticon/37311/1"
"92","PainsChamp","https://cdn.frankerfacez.com/emoticon/263297/1"
"93","POGGIES","https://cdn.frankerfacez.com/emoticon/257284/1"
"94","Hahaa","https://cdn.frankerfacez.com/emoticon/57611/1"
"95","monkaGIGA","https://cdn.frankerfacez.com/emoticon/183221/1"
"96","POOGERS","https://cdn.frankerfacez.com/emoticon/240443/1"
"97","gachiBASS","https://cdn.frankerfacez.com/emoticon/273779/1"
"98","PepeLmao","https://cdn.frankerfacez.com/emoticon/214658/1"
"99","Clap","https://cdn.frankerfacez.com/emoticon/298847/1"
"100","KKona","https://cdn.frankerfacez.com/emoticon/167498/1"
"101","Pepepains","https://cdn.frankerfacez.com/emoticon/227992/1"
"102","Tuturu","https://cdn.frankerfacez.com/emoticon/25335/1"
"103","EHEHE","https://cdn.frankerfacez.com/emoticon/101094/1"
"104","SuchMeme","https://cdn.frankerfacez.com/emoticon/27825/1"
"105","4Shrug","https://cdn.frankerfacez.com/emoticon/226912/1"
"106","MikuStare","https://cdn.frankerfacez.com/emoticon/229996/1"
"107","sadKEK","https://cdn.frankerfacez.com/emoticon/387103/1"
"108","peepoPog","https://cdn.frankerfacez.com/emoticon/302472/1"
"109","OhISee","https://cdn.frankerfacez.com/emoticon/230001/1"
"110","StrimPlz","https://cdn.frankerfacez.com/emoticon/36318/1"
"111","monkaChrist","https://cdn.frankerfacez.com/emoticon/243681/1"
"112","FeelsAmazingMan","https://cdn.frankerfacez.com/emoticon/119883/1"
"113","peepoPoo","https://cdn.frankerfacez.com/emoticon/307828/1"
"114","FeelsWeirdManW","https://cdn.frankerfacez.com/emoticon/208616/1"
"115","MEGALUL","https://cdn.frankerfacez.com/emoticon/419215/1"
"116","stopS","https://cdn.frankerfacez.com/emoticon/45622/1"
"117","PeepoGlad","https://cdn.frankerfacez.com/emoticon/244322/1"
"118","monkaSpeed","https://cdn.frankerfacez.com/emoticon/260557/1"
"119","okiRIP","https://cdn.frankerfacez.com/emoticon/27204/1"
"120","4WeirdW","https://cdn.frankerfacez.com/emoticon/325413/1"
"121","peepoHug","https://cdn.frankerfacez.com/emoticon/237403/1"
"122","Pog","https://cdn.frankerfacez.com/emoticon/301073/1"
"123","TooLewd","https://cdn.frankerfacez.com/emoticon/229999/1"
"124","eShrug","https://cdn.frankerfacez.com/emoticon/107715/1"
"125","AYAYAY","https://cdn.frankerfacez.com/emoticon/250475/1"
"126","nepSmug","https://cdn.frankerfacez.com/emoticon/151481/1"
"127","PLEASENO","https://cdn.frankerfacez.com/emoticon/229368/1"
"128","KannaNom","https://cdn.frankerfacez.com/emoticon/310289/1"
"129","pepeGun","https://cdn.frankerfacez.com/emoticon/201244/1"
"130","FeelsBirthdayMan","https://cdn.frankerfacez.com/emoticon/52846/1"
"131","FacePalm","https://cdn.frankerfacez.com/emoticon/70179/1"
"132","WideHarder","https://cdn.frankerfacez.com/emoticon/293191/1"
"133","4HEader","https://cdn.frankerfacez.com/emoticon/165784/1"
"134","ricardoFlick","https://cdn.frankerfacez.com/emoticon/303559/1"
"135","Okayge","https://cdn.frankerfacez.com/emoticon/410314/1"
"136","Bruh","https://cdn.frankerfacez.com/emoticon/294111/1"
"137","Pepega","https://cdn.frankerfacez.com/emoticon/295113/1"
"138","PillowYes","https://cdn.frankerfacez.com/emoticon/235239/1"
"139","PillowNo","https://cdn.frankerfacez.com/emoticon/235238/1"
"140","BootyTime","https://cdn.frankerfacez.com/emoticon/22080/1"
"141","HYPERS","https://cdn.frankerfacez.com/emoticon/240931/1"
"142","PepeHands","https://cdn.frankerfacez.com/emoticon/296194/1"
"143","monkaT","https://cdn.frankerfacez.com/emoticon/209084/1"
"144","KEKW","https://cdn.frankerfacez.com/emoticon/395453/1"
"145","FeelsWowMan","https://cdn.frankerfacez.com/emoticon/182473/1"
"146","OMEGALUL","https://cdn.frankerfacez.com/emoticon/226665/1"
"147","Dolan","https://cdn.frankerfacez.com/emoticon/25933/1"
"148","PepeREE","https://cdn.frankerfacez.com/emoticon/197689/1"
"149","WutFaceW","https://cdn.frankerfacez.com/emoticon/168065/1"
"150","GoodMemes","https://cdn.frankerfacez.com/emoticon/15824/1"
"151","VaN","https://cdn.frankerfacez.com/emoticon/269928/1"
"152","RNGplz","https://cdn.frankerfacez.com/emoticon/30469/1"
"153","coronaS","https://cdn.frankerfacez.com/emoticon/445967/1"
"154","SadChamp","https://cdn.frankerfacez.com/emoticon/343166/1"
"155","4Heed","https://cdn.frankerfacez.com/emoticon/242432/1"
"156","RAGEY","https://cdn.frankerfacez.com/emoticon/263587/1"
"157","SadCatW","https://cdn.frankerfacez.com/emoticon/453065/1"
"158","Daijoubu","https://cdn.frankerfacez.com/emoticon/229993/1"
"159","Kapp","https://cdn.frankerfacez.com/emoticon/278909/1"
"160","ConcernFroge","https://cdn.frankerfacez.com/emoticon/121482/1"
"161","KannaPolice","https://cdn.frankerfacez.com/emoticon/201877/1"
"162","VWasted","https://cdn.frankerfacez.com/emoticon/27962/1"
"163","AmaRekt","https://cdn.frankerfacez.com/emoticon/10043/1"
"164","widepeepoHug","https://cdn.frankerfacez.com/emoticon/337787/1"
"165","pepeL","https://cdn.frankerfacez.com/emoticon/200804/1"
"166","SmugPepe","https://cdn.frankerfacez.com/emoticon/12042/1"
"167","WTFF","https://cdn.frankerfacez.com/emoticon/241298/1"
"168","pepePoint","https://cdn.frankerfacez.com/emoticon/377799/1"
"169","3Head","https://cdn.frankerfacez.com/emoticon/341164/1"
"170","5Head","https://cdn.frankerfacez.com/emoticon/334746/1"
"171","PeepoWeird","https://cdn.frankerfacez.com/emoticon/243682/1"
"172","peepoFinger","https://cdn.frankerfacez.com/emoticon/300667/1"
"173","WideHard","https://cdn.frankerfacez.com/emoticon/315510/1"
"174","pepeGun","https://cdn.frankerfacez.com/emoticon/52831/1"
"175","PepeClown","https://cdn.frankerfacez.com/emoticon/318909/1"
"176","Pogomega","https://cdn.frankerfacez.com/emoticon/220711/1"
"177","FeelsRageMan","https://cdn.frankerfacez.com/emoticon/53418/1"
"178","BOOMER","https://cdn.frankerfacez.com/emoticon/316078/1"
"179","pepeLaugh","https://cdn.frankerfacez.com/emoticon/341767/1"
"180","monkaW","https://cdn.frankerfacez.com/emoticon/286826/1"
"181","NOP","https://cdn.frankerfacez.com/emoticon/422040/1"
"182","FeelsOkayMan","https://cdn.frankerfacez.com/emoticon/450530/1"
"183","Pepege","https://cdn.frankerfacez.com/emoticon/341610/1"
"184","Stonks","https://cdn.frankerfacez.com/emoticon/428011/1"
"185","YuuBooty","https://cdn.frankerfacez.com/emoticon/51289/1"
"186","CosmicBrain","https://cdn.frankerfacez.com/emoticon/181164/1"
"187","peepoPooPoo","https://cdn.frankerfacez.com/emoticon/313588/1"
"188","ToroSalt","https://cdn.frankerfacez.com/emoticon/35752/1"
"189","peepoKnife","https://cdn.frankerfacez.com/emoticon/270499/1"
"190","LULW","https://cdn.frankerfacez.com/emoticon/341166/1"
"191","4Town","https://cdn.frankerfacez.com/emoticon/261802/1"
"192","PogCena","https://cdn.frankerfacez.com/emoticon/38540/1"
"193","NiceHost","https://cdn.frankerfacez.com/emoticon/81451/1"
"194","monkaGun","https://cdn.frankerfacez.com/emoticon/185572/1"
"195","AYAYA","https://cdn.frankerfacez.com/emoticon/261450/1"
"196","Catgasm","https://cdn.frankerfacez.com/emoticon/40837/1"
"197","PogU","https://cdn.frankerfacez.com/emoticon/341162/1"
"198","PepeHands","https://cdn.frankerfacez.com/emoticon/244548/1"
"199","COGGERS","https://cdn.frankerfacez.com/emoticon/250618/1"
"200","KKoooona","https://cdn.frankerfacez.com/emoticon/164405/1"
"201","BibleBag","https://cdn.frankerfacez.com/emoticon/20706/1"
"202","CirnoBaka","https://cdn.frankerfacez.com/emoticon/28726/1"
"203","AYAYAHyper","https://cdn.frankerfacez.com/emoticon/278206/1"
"204","peepoPat","https://cdn.frankerfacez.com/emoticon/282166/1"
"205","TooGood","https://cdn.frankerfacez.com/emoticon/230000/1"
"206","WeebsOut","https://cdn.frankerfacez.com/emoticon/273365/1"
"207","PepeLaugh","https://cdn.frankerfacez.com/emoticon/382281/1"
"208","monkaThink","https://cdn.frankerfacez.com/emoticon/201690/1"
"209","monkaH","https://cdn.frankerfacez.com/emoticon/267468/1"
"210","PogChomp","https://cdn.frankerfacez.com/emoticon/259795/1"
"211","pepoHmm","https://cdn.frankerfacez.com/emoticon/204804/1"
"212","monkaStop","https://cdn.frankerfacez.com/emoticon/277982/1"
"213","PepeSuspicious","https://cdn.frankerfacez.com/emoticon/266074/1"
"214","OkayChamp","https://cdn.frankerfacez.com/emoticon/290036/1"
"215","KEKW","https://cdn.frankerfacez.com/emoticon/390924/1"
"216","WeirdChamp","https://cdn.frankerfacez.com/emoticon/356910/1"
"217","KeK","https://cdn.frankerfacez.com/emoticon/265914/1"
"218","RoWOW","https://cdn.frankerfacez.com/emoticon/307977/1"
"219","RIP","https://cdn.frankerfacez.com/emoticon/164177/1"
"220","PepeLaugh","https://cdn.frankerfacez.com/emoticon/263820/1"
"221","POI","https://cdn.frankerfacez.com/emoticon/229122/1"
"222","HEYYEYAAEYAAAEYAEYAA","https://cdn.frankerfacez.com/emoticon/49777/1"
"223","KermitENOUGH","https://cdn.frankerfacez.com/emoticon/134065/1"
"224","noxSorry","https://cdn.frankerfacez.com/emoticon/142957/1"
"225","Sadge","https://cdn.frankerfacez.com/emoticon/472535/1"
"226","widepeepoFat","https://cdn.frankerfacez.com/emoticon/337760/1"
"227","BOGGED","https://cdn.frankerfacez.com/emoticon/274629/1"
"228","peepoCheer","https://cdn.frankerfacez.com/emoticon/217349/1"
"229","GAMEOVER","https://cdn.frankerfacez.com/emoticon/26694/1"
"230","PogU","https://cdn.frankerfacez.com/emoticon/300947/1"
"231","monkaO","https://cdn.frankerfacez.com/emoticon/165806/1"
"232","AYAYAWeird","https://cdn.frankerfacez.com/emoticon/331926/1"
"233","peepoShrug","https://cdn.frankerfacez.com/emoticon/228447/1"
"234","YeahBoi","https://cdn.frankerfacez.com/emoticon/43360/1"
"235","GoodNight","https://cdn.frankerfacez.com/emoticon/75688/1"
"236","haHAA","https://cdn.frankerfacez.com/emoticon/285676/1"
"237","Kermitpls","https://cdn.frankerfacez.com/emoticon/33947/1"
"238","NepYay","https://cdn.frankerfacez.com/emoticon/39656/1"
"239","FeelsGladMan","https://cdn.frankerfacez.com/emoticon/69627/1"
"240","pOg","https://cdn.frankerfacez.com/emoticon/324468/1"
"241","FeelsWeirdMan","https://cdn.frankerfacez.com/emoticon/450531/1"
"242","KEKL","https://cdn.frankerfacez.com/emoticon/407009/1"
"243","DesuOP","https://cdn.frankerfacez.com/emoticon/6490/1"
"244","FeelsSadMan","https://cdn.frankerfacez.com/emoticon/132030/1"
"245","LULW","https://cdn.frankerfacez.com/emoticon/395456/1"
"246","ILuvU","https://cdn.frankerfacez.com/emoticon/17914/1"
"247","Pog","https://cdn.frankerfacez.com/emoticon/272019/1"
"248","Pepega","https://cdn.frankerfacez.com/emoticon/341170/1"
"249","TeeHee","https://cdn.frankerfacez.com/emoticon/151637/1"
"250","5Head","https://cdn.frankerfacez.com/emoticon/419522/1"
"251","Chag","https://cdn.frankerfacez.com/emoticon/243296/1"
"252","PepeHands","https://cdn.frankerfacez.com/emoticon/420470/1"
"253","FeelsStrongMan","https://cdn.frankerfacez.com/emoticon/380669/1"
"254","peepoSIMP","https://cdn.frankerfacez.com/emoticon/396371/1"
"255","WanWan","https://cdn.frankerfacez.com/emoticon/25551/1"
"256","SadCat","https://cdn.frankerfacez.com/emoticon/357348/1"
"257","monakS","https://cdn.frankerfacez.com/emoticon/184836/1"
"258","CatWhat","https://cdn.frankerfacez.com/emoticon/398047/1"
"259","DontBully","https://cdn.frankerfacez.com/emoticon/151133/1"
"260","ppL","https://cdn.frankerfacez.com/emoticon/229544/1"
"261","OMEGALUL","https://cdn.frankerfacez.com/emoticon/295799/1"
"262","NyanPasu","https://cdn.frankerfacez.com/emoticon/34318/1"
"263","xbn","https://cdn.frankerfacez.com/emoticon/1383/1"
"264","AYAYA","https://cdn.frankerfacez.com/emoticon/380005/1"
"265","pepoRope","https://cdn.frankerfacez.com/emoticon/252260/1"
"266","forsenCD","https://cdn.frankerfacez.com/emoticon/356032/1"
"267","peepoDetective","https://cdn.frankerfacez.com/emoticon/234227/1"
"268","forsenScoots","https://cdn.frankerfacez.com/emoticon/265650/1"
"269","noxWhat","https://cdn.frankerfacez.com/emoticon/142956/1"
"270","ThinkingFaceEmoji","https://cdn.frankerfacez.com/emoticon/118036/1"
"271","widepeepoHigh","https://cdn.frankerfacez.com/emoticon/339048/1"
"272","WoweeW","https://cdn.frankerfacez.com/emoticon/181160/1"
"273","GoodMorning","https://cdn.frankerfacez.com/emoticon/75689/1"
"274","4HEad","https://cdn.frankerfacez.com/emoticon/165783/1"
"275","Pepega","https://cdn.frankerfacez.com/emoticon/405548/1"
"276","TriEasy","https://cdn.frankerfacez.com/emoticon/25122/1"
"277","HYPERDANSGAMEW","https://cdn.frankerfacez.com/emoticon/242861/1"
"278","OMEGALULEatingAnEggplant","https://cdn.frankerfacez.com/emoticon/210423/1"
"279","rageW","https://cdn.frankerfacez.com/emoticon/243028/1"
"280","PepeThink","https://cdn.frankerfacez.com/emoticon/258482/1"
"281","REEEEE","https://cdn.frankerfacez.com/emoticon/235284/1"
"282","dogeKek","https://cdn.frankerfacez.com/emoticon/126684/1"
"283","PassTheBleach","https://cdn.frankerfacez.com/emoticon/40284/1"
"284","AndKnuckles","https://cdn.frankerfacez.com/emoticon/24999/1"
"285","Magoo","https://cdn.frankerfacez.com/emoticon/27041/1"
"286","NickyQ","https://cdn.frankerfacez.com/emoticon/156369/1"
"287","KermitComfy","https://cdn.frankerfacez.com/emoticon/47941/1"
"288","WTFgurl","https://cdn.frankerfacez.com/emoticon/40795/1"
"289","OOF","https://cdn.frankerfacez.com/emoticon/261564/1"
"290","PauseChamp","https://cdn.frankerfacez.com/emoticon/431077/1"
"291","ABABABABA","https://cdn.frankerfacez.com/emoticon/82321/1"
"292","NaM","https://cdn.frankerfacez.com/emoticon/191170/1"
"293","monkaGun","https://cdn.frankerfacez.com/emoticon/312109/1"
"294","LickMe","https://cdn.frankerfacez.com/emoticon/28453/1"
"295","Kappa_420","https://cdn.frankerfacez.com/emoticon/48137/1"
"296","Krappa","https://cdn.frankerfacez.com/emoticon/328070/1"
"297","monkaSSS","https://cdn.frankerfacez.com/emoticon/201363/1"
"298","MeguminHappy","https://cdn.frankerfacez.com/emoticon/85103/1"
"299","WeirdChamp","https://cdn.frankerfacez.com/emoticon/334785/1"
"300","shrugFace","https://cdn.frankerfacez.com/emoticon/32110/1"
"301","gachiPRIDE","https://cdn.frankerfacez.com/emoticon/147553/1"
"302","Pog","https://cdn.frankerfacez.com/emoticon/312861/1"
"303","peepoChrist","https://cdn.frankerfacez.com/emoticon/250610/1"
"304","PoiPoi","https://cdn.frankerfacez.com/emoticon/29072/1"
"305","FeelsDonkMan","https://cdn.frankerfacez.com/emoticon/262149/1"
"306","peepoHurt","https://cdn.frankerfacez.com/emoticon/253513/1"
"307","LULW","https://cdn.frankerfacez.com/emoticon/412792/1"
"308","PepoG","https://cdn.frankerfacez.com/emoticon/342614/1"
"309","Pepeg","https://cdn.frankerfacez.com/emoticon/344688/1"
"310","monkaEyes","https://cdn.frankerfacez.com/emoticon/307777/1"
"311","BadSpeedrun","https://cdn.frankerfacez.com/emoticon/65228/1"
"312","LOLW","https://cdn.frankerfacez.com/emoticon/367433/1"
"313","PepeHands","https://cdn.frankerfacez.com/emoticon/358621/1"
"314","YEP","https://cdn.frankerfacez.com/emoticon/463272/1"
"315","AYAYA","https://cdn.frankerfacez.com/emoticon/308939/1"
"316","PepeScoots","https://cdn.frankerfacez.com/emoticon/267930/1"
"317","DIDSOMEONESAYCOCK","https://cdn.frankerfacez.com/emoticon/438500/1"
"318","Popoga","https://cdn.frankerfacez.com/emoticon/370929/1"
"319","4Gitte","https://cdn.frankerfacez.com/emoticon/249850/1"
"320","PepoThink","https://cdn.frankerfacez.com/emoticon/223612/1"
"321","pepeW","https://cdn.frankerfacez.com/emoticon/232677/1"
"322","peepoS","https://cdn.frankerfacez.com/emoticon/228448/1"
"323","YouDied","https://cdn.frankerfacez.com/emoticon/129605/1"
"324","OpieOShaq","https://cdn.frankerfacez.com/emoticon/22932/1"
"325","RunOgre","https://cdn.frankerfacez.com/emoticon/25321/1"
"326","pepeD","https://cdn.frankerfacez.com/emoticon/319304/1"
"327","PogOff","https://cdn.frankerfacez.com/emoticon/328534/1"
"328","PogT","https://cdn.frankerfacez.com/emoticon/317258/1"
"329","LurkMode","https://cdn.frankerfacez.com/emoticon/38914/1"
"330","KEKW","https://cdn.frankerfacez.com/emoticon/407734/1"
"331","KEKW","https://cdn.frankerfacez.com/emoticon/405335/1"
"332","OMEGALUL","https://cdn.frankerfacez.com/emoticon/417690/1"
"333","KEKW","https://cdn.frankerfacez.com/emoticon/387485/1"
"334","5Head","https://cdn.frankerfacez.com/emoticon/307775/1"
"335","PogU","https://cdn.frankerfacez.com/emoticon/412794/1"
"336","UhOh","https://cdn.frankerfacez.com/emoticon/21833/1"
"337","monkaHmm","https://cdn.frankerfacez.com/emoticon/314987/1"
"338","PeepoFinger","https://cdn.frankerfacez.com/emoticon/318195/1"
"339","AWOOOO","https://cdn.frankerfacez.com/emoticon/27533/1"
"340","Pogplant","https://cdn.frankerfacez.com/emoticon/294486/1"
"341","GotEm","https://cdn.frankerfacez.com/emoticon/20459/1"
"342","KKonaW","https://cdn.frankerfacez.com/emoticon/164480/1"
"343","PepeLaugh","https://cdn.frankerfacez.com/emoticon/419518/1"
"344","PogO","https://cdn.frankerfacez.com/emoticon/437266/1"
"345","HyperLUL","https://cdn.frankerfacez.com/emoticon/167825/1"
"346","OMEGALUL","https://cdn.frankerfacez.com/emoticon/246605/1"
"347","FeelsTastyMan","https://cdn.frankerfacez.com/emoticon/213195/1"
"348","MuscleR","https://cdn.frankerfacez.com/emoticon/45579/1"
"349","MaldChamp","https://cdn.frankerfacez.com/emoticon/359915/1"
"350","KermitTea","https://cdn.frankerfacez.com/emoticon/47945/1"
"351","LULW","https://cdn.frankerfacez.com/emoticon/276922/1"
"352","peepoExit","https://cdn.frankerfacez.com/emoticon/355966/1"
"353","HeheHehe","https://cdn.frankerfacez.com/emoticon/230003/1"
"354","gachiGASM","https://cdn.frankerfacez.com/emoticon/108701/1"
"355","HungryTag","https://cdn.frankerfacez.com/emoticon/5233/1"
"356","PepeSit","https://cdn.frankerfacez.com/emoticon/275223/1"
"357","peepoBlush","https://cdn.frankerfacez.com/emoticon/420023/1"
"358","FeelsSexMan","https://cdn.frankerfacez.com/emoticon/342345/1"
"359","MegaLUL","https://cdn.frankerfacez.com/emoticon/119959/1"
"360","NOPE","https://cdn.frankerfacez.com/emoticon/437884/1"
"361","KEKW","https://cdn.frankerfacez.com/emoticon/410436/1"
"362","MuscleL","https://cdn.frankerfacez.com/emoticon/45580/1"
"363","MikuComfy","https://cdn.frankerfacez.com/emoticon/229997/1"
"364","pepeD","https://cdn.frankerfacez.com/emoticon/238613/1"
"365","JustRight","https://cdn.frankerfacez.com/emoticon/93535/1"
"366","peepoRiot","https://cdn.frankerfacez.com/emoticon/332541/1"
"367","3Head","https://cdn.frankerfacez.com/emoticon/409241/1"
"368","MOIST","https://cdn.frankerfacez.com/emoticon/29967/1"
"369","1Head","https://cdn.frankerfacez.com/emoticon/321325/1"
"370","StareChamp","https://cdn.frankerfacez.com/emoticon/289678/1"
"371","THICC","https://cdn.frankerfacez.com/emoticon/327419/1"
"372","POGGERS","https://cdn.frankerfacez.com/emoticon/238568/1"
"373","PepeLa","https://cdn.frankerfacez.com/emoticon/355871/1"
"374","monkaCozy","https://cdn.frankerfacez.com/emoticon/226927/1"
"375","ChogPamp","https://cdn.frankerfacez.com/emoticon/118164/1"
"376","FeelsBadMan","https://cdn.frankerfacez.com/emoticon/305831/1"
"377","monkaTOS","https://cdn.frankerfacez.com/emoticon/310065/1"
"378","PepeHands","https://cdn.frankerfacez.com/emoticon/264325/1"
"379","OMEGALUL","https://cdn.frankerfacez.com/emoticon/357152/1"
"380","FeelsOldMan","https://cdn.frankerfacez.com/emoticon/249125/1"
"381","PepeMods","https://cdn.frankerfacez.com/emoticon/336978/1"
"382","monkaX","https://cdn.frankerfacez.com/emoticon/226921/1"
"383","PepeNice","https://cdn.frankerfacez.com/emoticon/257954/1"
"384","KKomrade","https://cdn.frankerfacez.com/emoticon/305820/1"
"385","WaitWhat","https://cdn.frankerfacez.com/emoticon/173674/1"
"386","2Header","https://cdn.frankerfacez.com/emoticon/323262/1"
"387","Pepega","https://cdn.frankerfacez.com/emoticon/419525/1"
"388","KannaWave","https://cdn.frankerfacez.com/emoticon/186320/1"
"389","RoWOOW","https://cdn.frankerfacez.com/emoticon/176594/1"
"390","HandsUp","https://cdn.frankerfacez.com/emoticon/379106/1"
"391","PepeCool","https://cdn.frankerfacez.com/emoticon/185868/1"
"392","PicardWTF","https://cdn.frankerfacez.com/emoticon/49640/1"
"393","PLgurom","https://cdn.frankerfacez.com/emoticon/378342/1"
"394","RemEhehe","https://cdn.frankerfacez.com/emoticon/229998/1"
"395","PoiGasm","https://cdn.frankerfacez.com/emoticon/28971/1"
"396","POGGERS","https://cdn.frankerfacez.com/emoticon/296009/1"
"397","HYPEtime","https://cdn.frankerfacez.com/emoticon/39568/1"
"398","Pog","https://cdn.frankerfacez.com/emoticon/274961/1"
"399","PepoRage","https://cdn.frankerfacez.com/emoticon/361557/1"
"400","peepoMad","https://cdn.frankerfacez.com/emoticon/259518/1"
"401","KEKW","https://cdn.frankerfacez.com/emoticon/420012/1"
"402","PogYou","https://cdn.frankerfacez.com/emoticon/324507/1"
"403","KKrikey","https://cdn.frankerfacez.com/emoticon/211044/1"
"404","peepoShy","https://cdn.frankerfacez.com/emoticon/448771/1"
"405","monkaW","https://cdn.frankerfacez.com/emoticon/426196/1"
"406","HandsUp","https://cdn.frankerfacez.com/emoticon/296144/1"
"407","Okayga","https://cdn.frankerfacez.com/emoticon/287489/1"
"408","PagChomp","https://cdn.frankerfacez.com/emoticon/225156/1"
"409","POG","https://cdn.frankerfacez.com/emoticon/410522/1"
"410","widepeepoPog","https://cdn.frankerfacez.com/emoticon/309113/1"
"411","TerrIffyed","https://cdn.frankerfacez.com/emoticon/63736/1"
"412","peepoNo","https://cdn.frankerfacez.com/emoticon/265166/1"
"413","HYPERBRUH","https://cdn.frankerfacez.com/emoticon/252126/1"
"414","KannaBlob","https://cdn.frankerfacez.com/emoticon/167504/1"
"415","LULW","https://cdn.frankerfacez.com/emoticon/358910/1"
"416","StopStreaming","https://cdn.frankerfacez.com/emoticon/60729/1"
"417","PepeHands","https://cdn.frankerfacez.com/emoticon/342347/1"
"418","dankHug","https://cdn.frankerfacez.com/emoticon/444667/1"
"419","POOGERS","https://cdn.frankerfacez.com/emoticon/287754/1"
"420","smileW","https://cdn.frankerfacez.com/emoticon/263101/1"
"421","peepoFinger","https://cdn.frankerfacez.com/emoticon/280310/1"
"422","monkaS","https://cdn.frankerfacez.com/emoticon/207928/1"
"423","GG!","https://cdn.frankerfacez.com/emoticon/32994/1"
"424","WideHard","https://cdn.frankerfacez.com/emoticon/318779/1"
"425","peepoRun","https://cdn.frankerfacez.com/emoticon/334008/1"
"426","PepeLove","https://cdn.frankerfacez.com/emoticon/327463/1"
"427","HeyPal","https://cdn.frankerfacez.com/emoticon/45103/1"
"428","SHIREE","https://cdn.frankerfacez.com/emoticon/157968/1"
"429","ErynStaryn","https://cdn.frankerfacez.com/emoticon/109523/1"
"430","FeelGood","https://cdn.frankerfacez.com/emoticon/230004/1"
"431","WeirdChamp","https://cdn.frankerfacez.com/emoticon/391396/1"
"432","gachiGASM","https://cdn.frankerfacez.com/emoticon/248448/1"
"433","peepoYes","https://cdn.frankerfacez.com/emoticon/265167/1"
"434","OOF","https://cdn.frankerfacez.com/emoticon/272739/1"
"435","PogU","https://cdn.frankerfacez.com/emoticon/358362/1"
"436","ComfyTag","https://cdn.frankerfacez.com/emoticon/310115/1"
"437","Champ","https://cdn.frankerfacez.com/emoticon/341178/1"
"438","6Head","https://cdn.frankerfacez.com/emoticon/315367/1"
"439","FeelsDabMan","https://cdn.frankerfacez.com/emoticon/132023/1"
"440","NepWink","https://cdn.frankerfacez.com/emoticon/74602/1"
"441","WooferWhat","https://cdn.frankerfacez.com/emoticon/81780/1"
"442","ZULOL","https://cdn.frankerfacez.com/emoticon/308406/1"
"443","cooBruh","https://cdn.frankerfacez.com/emoticon/333085/1"
"444","3Head","https://cdn.frankerfacez.com/emoticon/359703/1"
"445","Pepega","https://cdn.frankerfacez.com/emoticon/356098/1"
"446","monkaW","https://cdn.frankerfacez.com/emoticon/382982/1"
"447","WeirdChamp","https://cdn.frankerfacez.com/emoticon/447706/1"
"448","FeelsThinkingMan","https://cdn.frankerfacez.com/emoticon/197630/1"
"449","peepoHug","https://cdn.frankerfacez.com/emoticon/228450/1"
"450","ExpansionPak","https://cdn.frankerfacez.com/emoticon/25189/1"
"451","KannaWOT","https://cdn.frankerfacez.com/emoticon/311999/1"
"452","WeirdChamp","https://cdn.frankerfacez.com/emoticon/395288/1"
"453","ozonF","https://cdn.frankerfacez.com/emoticon/234409/1"
"454","PantsGrab","https://cdn.frankerfacez.com/emoticon/283427/1"
"455","peepoPogClimbingTreeHard4House","https://cdn.frankerfacez.com/emoticon/425703/1"
"456","WideHardest2","https://cdn.frankerfacez.com/emoticon/299685/1"
"457","PogMe","https://cdn.frankerfacez.com/emoticon/303471/1"
"458","Kapp","https://cdn.frankerfacez.com/emoticon/423261/1"
"459","4WeirdBuff","https://cdn.frankerfacez.com/emoticon/451994/1"
"460","VanillaChamp","https://cdn.frankerfacez.com/emoticon/229992/1"
"461","PogU","https://cdn.frankerfacez.com/emoticon/429869/1"
"462","peepoFriendship","https://cdn.frankerfacez.com/emoticon/421262/1"
"463","HONEYDETECTED","https://cdn.frankerfacez.com/emoticon/211702/1"
"464","Pog","https://cdn.frankerfacez.com/emoticon/285200/1"
"465","arnoldHalt","https://cdn.frankerfacez.com/emoticon/409673/1"
"466","WideHardest1","https://cdn.frankerfacez.com/emoticon/299686/1"
"467","OMEGALUL","https://cdn.frankerfacez.com/emoticon/342348/1"
"468","VictoryScreech","https://cdn.frankerfacez.com/emoticon/26865/1"
"469","Ohno","https://cdn.frankerfacez.com/emoticon/423445/1"
"470","lulWut","https://cdn.frankerfacez.com/emoticon/249979/1"
"471","Salutezume","https://cdn.frankerfacez.com/emoticon/86406/1"
"472","SillyChamp","https://cdn.frankerfacez.com/emoticon/339080/1"
"473","DoggFace","https://cdn.frankerfacez.com/emoticon/25187/1"
"474","PogU","https://cdn.frankerfacez.com/emoticon/370041/1"
"475","pepeComfy","https://cdn.frankerfacez.com/emoticon/117885/1"
"476","HUGERS","https://cdn.frankerfacez.com/emoticon/279976/1"
"477","YEP","https://cdn.frankerfacez.com/emoticon/433522/1"
"478","sOk","https://cdn.frankerfacez.com/emoticon/70405/1"
"479","POGGERS","https://cdn.frankerfacez.com/emoticon/414878/1"
"480","Pepege","https://cdn.frankerfacez.com/emoticon/317034/1"
"481","Pog","https://cdn.frankerfacez.com/emoticon/290589/1"
"482","Pepega","https://cdn.frankerfacez.com/emoticon/370046/1"
"483","CapitalD","https://cdn.frankerfacez.com/emoticon/291336/1"
"484","TopPika","https://cdn.frankerfacez.com/emoticon/18149/1"
"485","POGGIES","https://cdn.frankerfacez.com/emoticon/301414/1"
"486","YesLikeThis","https://cdn.frankerfacez.com/emoticon/51202/1"
"487","Thonking","https://cdn.frankerfacez.com/emoticon/155679/1"
"488","KEKW","https://cdn.frankerfacez.com/emoticon/428881/1"
"489","TriKool","https://cdn.frankerfacez.com/emoticon/375269/1"
"490","DoILookLikeIKnowWhatAFrankerFaceZeeIs","https://cdn.frankerfacez.com/emoticon/41767/1"
"491","WeirdChamp","https://cdn.frankerfacez.com/emoticon/301412/1"
"492","peepoCry","https://cdn.frankerfacez.com/emoticon/250615/1"
"493","TriPeek","https://cdn.frankerfacez.com/emoticon/243679/1"
"494","ButtBooty","https://cdn.frankerfacez.com/emoticon/265916/1"
"495","peepoEZ","https://cdn.frankerfacez.com/emoticon/225468/1"
"496","FeelsDankMan","https://cdn.frankerfacez.com/emoticon/405855/1"
"497","Pog","https://cdn.frankerfacez.com/emoticon/419380/1"
"498","peepoLove","https://cdn.frankerfacez.com/emoticon/304635/1"
"499","KKonaW","https://cdn.frankerfacez.com/emoticon/412626/1"
"500","HuhChamp","https://cdn.frankerfacez.com/emoticon/465494/1"
"501","catOK","https://cdn.frankerfacez.com/emoticon/279627/1"
"502","NeverGiveUp","https://cdn.frankerfacez.com/emoticon/15120/1"
"503","KEKW","https://cdn.frankerfacez.com/emoticon/400660/1"
"504","peepoThink","https://cdn.frankerfacez.com/emoticon/234378/1"
"505","ThatBooty","https://cdn.frankerfacez.com/emoticon/53280/1"
"506","4Mansion","https://cdn.frankerfacez.com/emoticon/243264/1"
"507","FeelsGoodEnoughMan","https://cdn.frankerfacez.com/emoticon/87528/1"
"508","OMEGALUL","https://cdn.frankerfacez.com/emoticon/398911/1"
"509","Kissahomie","https://cdn.frankerfacez.com/emoticon/298316/1"
"510","Pog","https://cdn.frankerfacez.com/emoticon/296142/1"
"511","PogU","https://cdn.frankerfacez.com/emoticon/347798/1"
"512","HiKibbi","https://cdn.frankerfacez.com/emoticon/8704/1"
"513","Okayeg","https://cdn.frankerfacez.com/emoticon/438696/1"
"514","FeelsStrongMan","https://cdn.frankerfacez.com/emoticon/274963/1"
"515","monkaW","https://cdn.frankerfacez.com/emoticon/334789/1"
"516","widepeepoClown","https://cdn.frankerfacez.com/emoticon/338528/1"
"517","Kapp","https://cdn.frankerfacez.com/emoticon/272016/1"
"518","Dovolen","https://cdn.frankerfacez.com/emoticon/321688/1"
"519","ZOOMER","https://cdn.frankerfacez.com/emoticon/316077/1"
"520","monkaW","https://cdn.frankerfacez.com/emoticon/301411/1"
"521","PepeM","https://cdn.frankerfacez.com/emoticon/362432/1"
"522","Pog","https://cdn.frankerfacez.com/emoticon/286274/1"
"523","4Heads","https://cdn.frankerfacez.com/emoticon/31307/1"
"524","peepoComfyBlanket","https://cdn.frankerfacez.com/emoticon/278120/1"
"525","HandsUp","https://cdn.frankerfacez.com/emoticon/354005/1"
"526","FeelsSmartMan","https://cdn.frankerfacez.com/emoticon/177424/1"
"527","BBona","https://cdn.frankerfacez.com/emoticon/186727/1"
"528","LennyFace","https://cdn.frankerfacez.com/emoticon/28491/1"
"529","RESET","https://cdn.frankerfacez.com/emoticon/21054/1"
"530","DrakTip","https://cdn.frankerfacez.com/emoticon/53578/1"
"531","PepoFinger","https://cdn.frankerfacez.com/emoticon/269182/1"
"532","VapeNation","https://cdn.frankerfacez.com/emoticon/92333/1"
"533","NotSureIf","https://cdn.frankerfacez.com/emoticon/43503/1"
"534","SmileW","https://cdn.frankerfacez.com/emoticon/402832/1"
"535","DataFace","https://cdn.frankerfacez.com/emoticon/14567/1"
"536","VertWhat","https://cdn.frankerfacez.com/emoticon/102983/1"
"537","KannaWant","https://cdn.frankerfacez.com/emoticon/158733/1"
"538","HYPERHARDW","https://cdn.frankerfacez.com/emoticon/214126/1"
"539","PogOFF","https://cdn.frankerfacez.com/emoticon/469842/1"
"540","Pog","https://cdn.frankerfacez.com/emoticon/320970/1"
"541","FeelsBadMan","https://cdn.frankerfacez.com/emoticon/113912/1"
"542","monkaGIGA","https://cdn.frankerfacez.com/emoticon/201368/1"
"543","KEKW","https://cdn.frankerfacez.com/emoticon/398358/1"
"544","MadChamp","https://cdn.frankerfacez.com/emoticon/287133/1"
"545","Weirdga","https://cdn.frankerfacez.com/emoticon/294523/1"
"546","Boolin","https://cdn.frankerfacez.com/emoticon/306266/1"
"547","AYAYA","https://cdn.frankerfacez.com/emoticon/296685/1"
"548","peepoSquad","https://cdn.frankerfacez.com/emoticon/388781/1"
"549","monkaGIGA","https://cdn.frankerfacez.com/emoticon/165563/1"
"550","2Pro4U","https://cdn.frankerfacez.com/emoticon/46683/1"
"551","OhMy","https://cdn.frankerfacez.com/emoticon/34312/1"
"552","peepoHappy","https://cdn.frankerfacez.com/emoticon/414808/1"
"553","Widega","https://cdn.frankerfacez.com/emoticon/300983/1"
"554","SMILERS","https://cdn.frankerfacez.com/emoticon/360509/1"
"555","gachiHYPER","https://cdn.frankerfacez.com/emoticon/334796/1"
"556","vineLore","https://cdn.frankerfacez.com/emoticon/237207/1"
"557","PogXD","https://cdn.frankerfacez.com/emoticon/264219/1"
"558","WeirdEyes","https://cdn.frankerfacez.com/emoticon/282161/1"
"559","FeelsSupportMan","https://cdn.frankerfacez.com/emoticon/310163/1"
"560","KEKW","https://cdn.frankerfacez.com/emoticon/388741/1"
"561","PillowMaybe","https://cdn.frankerfacez.com/emoticon/29080/1"
"562","Durka","https://cdn.frankerfacez.com/emoticon/422781/1"
"563","DontAtMe","https://cdn.frankerfacez.com/emoticon/198868/1"
"564","GoldenKappa","https://cdn.frankerfacez.com/emoticon/77198/1"
"565","MingLow","https://cdn.frankerfacez.com/emoticon/164124/1"
"566","POGGERS","https://cdn.frankerfacez.com/emoticon/332188/1"
"567","MONKERS","https://cdn.frankerfacez.com/emoticon/267101/1"
"568","HYPERS","https://cdn.frankerfacez.com/emoticon/296083/1"
"569","FeelsGoodMan","https://cdn.frankerfacez.com/emoticon/246776/1"
"570","PepoGun","https://cdn.frankerfacez.com/emoticon/235479/1"
"571","Pepe","https://cdn.frankerfacez.com/emoticon/12055/1"
"572","peepoAwesome","https://cdn.frankerfacez.com/emoticon/264360/1"
"573","Pog","https://cdn.frankerfacez.com/emoticon/342310/1"
"574","PogU","https://cdn.frankerfacez.com/emoticon/294100/1"
"575","monkaChrist","https://cdn.frankerfacez.com/emoticon/305478/1"
"576","AYAYA","https://cdn.frankerfacez.com/emoticon/358679/1"
"577","OMEGALUL","https://cdn.frankerfacez.com/emoticon/267452/1"
"578","monkaOMEGA","https://cdn.frankerfacez.com/emoticon/201367/1"
"579","HAhaa","https://cdn.frankerfacez.com/emoticon/144811/1"
"580","REEEE","https://cdn.frankerfacez.com/emoticon/61193/1"
"581","PepePoint","https://cdn.frankerfacez.com/emoticon/456511/1"
"582","HandsUp","https://cdn.frankerfacez.com/emoticon/357565/1"
"583","PogYou","https://cdn.frankerfacez.com/emoticon/456534/1"
"584","Pepega","https://cdn.frankerfacez.com/emoticon/398942/1"
"585","essiPls","https://cdn.frankerfacez.com/emoticon/43052/1"
"586","PagChomp","https://cdn.frankerfacez.com/emoticon/459780/1"
"587","WeirdChamp","https://cdn.frankerfacez.com/emoticon/465415/1"
"588","Pog","https://cdn.frankerfacez.com/emoticon/360807/1"
"589","PepeHands","https://cdn.frankerfacez.com/emoticon/451757/1"
"590","Gnomed","https://cdn.frankerfacez.com/emoticon/283042/1"
"591","Champ","https://cdn.frankerfacez.com/emoticon/288601/1"
"592","ReimuPalm","https://cdn.frankerfacez.com/emoticon/35054/1"
"593","CatBoo","https://cdn.frankerfacez.com/emoticon/25793/1"
"594","PogU","https://cdn.frankerfacez.com/emoticon/389095/1"
"595","Pog","https://cdn.frankerfacez.com/emoticon/467330/1"
"596","peepoWide","https://cdn.frankerfacez.com/emoticon/318778/1"
"597","KEKW","https://cdn.frankerfacez.com/emoticon/414612/1"
"598","4WeirdBusiness","https://cdn.frankerfacez.com/emoticon/447530/1"
"599","OMEGALUL","https://cdn.frankerfacez.com/emoticon/441449/1"
"600","PepeLaugh","https://cdn.frankerfacez.com/emoticon/389439/1"
"601","Osujdau","https://cdn.frankerfacez.com/emoticon/337288/1"
"602","Kappap","https://cdn.frankerfacez.com/emoticon/34827/1"
"603","PauseChamp","https://cdn.frankerfacez.com/emoticon/460854/1"
"604","PeepoGiggle","https://cdn.frankerfacez.com/emoticon/302083/1"
"605","Pog","https://cdn.frankerfacez.com/emoticon/358361/1"
"606","SmugNep","https://cdn.frankerfacez.com/emoticon/35957/1"
"607","KKomrade","https://cdn.frankerfacez.com/emoticon/278908/1"
"608","Kappapa","https://cdn.frankerfacez.com/emoticon/317278/1"
"609","NiceMeme!","https://cdn.frankerfacez.com/emoticon/23043/1"
"610","AYAYA","https://cdn.frankerfacez.com/emoticon/334747/1"
"611","PepeHands","https://cdn.frankerfacez.com/emoticon/390463/1"
"612","5Head","https://cdn.frankerfacez.com/emoticon/388862/1"
"613","NepDerp","https://cdn.frankerfacez.com/emoticon/61879/1"
"614","Kapp","https://cdn.frankerfacez.com/emoticon/406373/1"
"615","PresidentSleeper","https://cdn.frankerfacez.com/emoticon/27039/1"
"616","KEKW","https://cdn.frankerfacez.com/emoticon/399123/1"
"617","AnimeThump","https://cdn.frankerfacez.com/emoticon/41191/1"
"618","OkayChamp","https://cdn.frankerfacez.com/emoticon/348274/1"
"619","Pog","https://cdn.frankerfacez.com/emoticon/446195/1"
"620","monkaHmm","https://cdn.frankerfacez.com/emoticon/341169/1"
"621","KannaPeer","https://cdn.frankerfacez.com/emoticon/162826/1"
"622","DougDimmadomeOwnerOfTheDimmsdaleDimmadomeLookingOutHisDimmsdaleDimmadome","https://cdn.frankerfacez.com/emoticon/44708/1"
"623","PogU","https://cdn.frankerfacez.com/emoticon/308204/1"
"624","PepeHands","https://cdn.frankerfacez.com/emoticon/373608/1"
"625","LULW","https://cdn.frankerfacez.com/emoticon/437522/1"
"626","PinguZ","https://cdn.frankerfacez.com/emoticon/38130/1"
"627","MEGALUL","https://cdn.frankerfacez.com/emoticon/341201/1"
"628","PepeHands","https://cdn.frankerfacez.com/emoticon/299888/1"
"629","KEKW","https://cdn.frankerfacez.com/emoticon/458943/1"
"630","KannaSpooks","https://cdn.frankerfacez.com/emoticon/160438/1"
"631","LewdHina","https://cdn.frankerfacez.com/emoticon/90414/1"
"632","AnimeBoy","https://cdn.frankerfacez.com/emoticon/81227/1"
"633","Pepega","https://cdn.frankerfacez.com/emoticon/429867/1"
"634","POGGERS","https://cdn.frankerfacez.com/emoticon/345663/1"
"635","OhImGay","https://cdn.frankerfacez.com/emoticon/166133/1"
"636","RatedL","https://cdn.frankerfacez.com/emoticon/78488/1"
"637","4Weird","https://cdn.frankerfacez.com/emoticon/401170/1"
"638","peepoRage","https://cdn.frankerfacez.com/emoticon/323585/1"
"639","Pog","https://cdn.frankerfacez.com/emoticon/473748/1"
"640","WeebsOut","https://cdn.frankerfacez.com/emoticon/344152/1"
"641","OMEGASP","https://cdn.frankerfacez.com/emoticon/276951/1"
"642","AYAYA","https://cdn.frankerfacez.com/emoticon/464562/1"
"643","OMEGALUL","https://cdn.frankerfacez.com/emoticon/252119/1"
"644","YEP","https://cdn.frankerfacez.com/emoticon/470760/1"
"645","PikaShock","https://cdn.frankerfacez.com/emoticon/307201/1"
"646","PepeHands","https://cdn.frankerfacez.com/emoticon/260911/1"
"647","PogU","https://cdn.frankerfacez.com/emoticon/354072/1"
"648","PepeLaugh","https://cdn.frankerfacez.com/emoticon/408830/1"
"649","LULW","https://cdn.frankerfacez.com/emoticon/377441/1"
"650","TriggereD","https://cdn.frankerfacez.com/emoticon/29231/1"
